{
  "version": 2,
  "name": "payment-management-pro",
  "builds": [
    {
      "src": "**/*",
      "use": "@vercel/static"
    }
  ],
  "routes": [
    {
      "src": "/(.*\\.(css|js|png|jpg|jpeg|svg|ico|woff|woff2|ttf))",
      "headers": {
        "Cache-Control": "public, max-age=31536000, immutable"
      }
    },
    {
      "src": "/manifest.json",
      "headers": {
        "Content-Type": "application/json",
        "Cache-Control": "public, max-age=86400"
      }
    },
    {
      "src": "/(.*)",
      "dest": "/index.html",
      "headers": {
        "Cache-Control": "public, max-age=0, must-revalidate"
      }
    }
  ],
  "headers": [
    {
      "source": "/(.*)",
      "headers": [
        {
          "key": "X-Frame-Options",
          "value": "DENY"
        },
        {
          "key": "X-Content-Type-Options",
          "value": "nosniff"
        },
        {
          "key": "X-XSS-Protection",
          "value": "1; mode=block"
        },
        {
          "key": "Referrer-Policy",
          "value": "strict-origin-when-cross-origin"
        },
        {
          "key": "Content-Security-Policy",
          "value": "default-src 'self'; script-src 'self' 'unsafe-inline' https://cdnjs.cloudflare.com https://fonts.googleapis.com; style-src 'self' 'unsafe-inline' https://cdnjs.cloudflare.com https://fonts.googleapis.com; font-src 'self' https://fonts.gstatic.com; img-src 'self' data: https:; connect-src 'self' https:;"
        }
      ]
    }
  ],
  "rewrites": [
    {
      "source": "/(.*)",
      "destination": "/index.html"
    }
  ],
  "cleanUrls": true,
  "trailingSlash": false
}